2;Prom Night;Caz Saxelby
3;Cage aux Folles, La;Rozamond Brocklehurst
4;Not with My Wife, You Don't!;Phedra Biddlecombe
5;Corpo Celeste;Temp Bramhill
6;R.S.V.P. ;Tyler Wethey
7;Jet Li's Fearless (Huo Yuan Jia);Nita Grange
8;Melvin and Howard;Justus Rosenvasser
9;It's Always Fair Weather;Kerwinn Dorsett
10;I Am Trying to Break Your Heart;Ashely Burchill
11;Dead Outside, The;Tymothy Janaszewski
12;Pretty One, The;Angelica Beever
13;Ace of Aces (a.k.a. Super Ace, The) (As des as, L');Athene Pryer
14;Love God?, The;Darice Dowzell
15;Altered States;Angelique Lohrensen
16;Justin Bieber's Believe;Anna-maria Loffill
17;Bachelor and the Bobby-Soxer, The;Kassi Mc Menamin
18;Rollerball;Amble O'Doran
19;Stage Beauty;Cello Coleborn
20;Fantastic Four: Rise of the Silver Surfer;Kerwin Knutsen
21;Operation Dumbo Drop;Dyana Ast
22;Dracula;Ethelin Abad
23;Disgrace;Mariele Morin
24;El Hada Buena - Una Fábula Peronista;Buiron Boldero
25;Breakin';Vi Kittle
26;History of Hell (Rosas Höllenfahrt);Saloma Tomczynski
27;Kumaré;Collie Limbrick
28;Cornered;Meade Seagar
29;Streets of Blood;Murdoch Kasher
30;Our Song;Bartholomeus Nuth
31;Tremors II: Aftershocks;Willi Thibodeaux
32;You Kill Me;Ursuline Lukehurst
33;Tormented;Rockwell Sketch
34;Out of Life (Hors la vie);Phylys Eveque
35;Birder's Guide to Everything, A;Patten Macklin
36;Baby Doll;Lenora Le Marquis
37;Poltergeist III;Shoshanna Bridewell
38;The Land Before Time IV: Journey Through the Mists;Eddie Flockhart
39;Congo;Skyler Hugonnet
40;Last Summer;Gladi Derrington
41;Takedown: The DNA of GSP;Tyne Karpushkin
42;Hercules;Vivi Rosenthaler
43;Sylvia;Reinwald Colleck
44;Chang: A Drama of the Wilderness;Alard Blare
45;Alphabet City;Denys Degli Abbati
46;Tokyo Joe;Shandra Shailer
47;Until the End of the World (Bis ans Ende der Welt);Selig Wand
48;Série noire;Helen Geffinger
49;Chained Heat;Lesya Ortzen
50;Great Gatsby, The;Trever Treswell
51;Dickson Greeting;Halli Boatwright
52;Commare secca, La (Grim Reaper, The);Stefanie Lazonby
53;They Call Me Mister Tibbs!;Konstantin Ingraham
54;Cheech and Chong's Up in Smoke;Bucky Fahy
55;Spread;Wade Alcide
56;Molokai (Molokai: The Story of Father Damien);Reidar Glentworth
57;Grandmother;Devina Allward
58;Darling;Jaclyn Goodwin
59;1612: Khroniki smutnogo vremeni;Gradey Chase
60;Patton;Ambros Swains
61;Rahtree: Flower of the Night (Buppha Rahtree);Thorpe Duckerin
62;Batman & Robin;Humfried Vane
63;Killer Elite;Lita Ryding
64;Boeing, Boeing;Niki Doppler
65;Truly Human (Et rigtigt menneske);Tomas Malser
66;Given Word, The (O Pagador de Promessas);Blayne Kingswoode
67;Charlie Chan in Rio;Donielle Acomb
68;Inuyasha the Movie: The Castle Beyond the Looking Glass;Major Osinin
69;Novocaine;Allyn Gemlbett
70;Imagine;Stu Taffrey
71;Entity, The;Kathrine Hazlewood
72;Nothing Sacred;Henri Kolakovic
73;La Rabbia;Susanetta Morcom
74;Blue Caprice;Fransisco Loxly
75;Strange Little Cat, The (Das merkwürdige Kätzchen);Jilleen Jacobsz
76;Silk;Debi Klos
77;Sky Crawlers, The (Sukai kurora);Jacobo Birnie
78;Car Bonus (Autobonus);Ondrea Myatt
79;Big Top Pee-Wee;Carney Beccles
80;Zindagi Na Milegi Dobara;Daune Livens
81;Montana;Nancie Dunderdale
82;Confetti;Tracie Canby
83;Death of a Salesman;Stewart Josovich
84;Oscar and the Lady in Pink;Ulysses Eliasen
85;Hole, The (Dong);Othilia Rozalski
86;Baby Mama;Meggy Borzoni
87;Rickshaw Man, The (Muhomatsu no issho);Harwilll Lindenberg
88;Electile Dysfunction;Carey Folomin
89;Donner Pass;Abagail Wallman
90;Spring Break;Harlen Mahaffey
91;Kiss of the Dragon;Fabien Kindall
92;Boy in the Striped Pajamas, The (Boy in the Striped Pyjamas, The);Rora Chomicz
93;Tuck Everlasting;Darcie Imlach
94;Europeans, The;Lillian Ariss
95;American Addict;Shawn Lorden
96;Shrek the Halls;Catlaina Ludron
97;Everything I Can See From Here;Maison McMurray
98;Chase, The;Carlin Aronin
99;Lock Up;Gabi Kubyszek
100;Hills Have Eyes Part II, The;Aurora Daniellot
101;title;author
